INSERT INTO pregunta VALUES
	(1,'¿La lámpara de escritorio incluye la bombilla?', '2020-09-01'),
	(2,'Hola, no. Cualquier otra consulta estoy a su disposición', '2020-09-01'),
	(3,'Bombita De cuantos w soporta el artefacto ? El portalámparas es universal ?', '2020-09-01'),
	(4,'Hola! Es el portalámparas convencional a rosca comúnmente denominado E27 Máximo 60w...cuando normalmente se utilizan lámparas entre 9w y 12w de led que te representan entre 60 a 75w de las antiguas lámparas incandescentes Saludos','2020-09-02'),
	(5,'¿La lámpara de escritorio tiene ajuste de intensidad de luz?', '2020-09-17'),
	(6,'Hola! No, no tiene ajuste de la intensidad de luz. Saludos', '2020-09-18'),
	(7,'¿Viene con garantía el Samsung Galaxy S23 Fe?', '2023-05-02'),
	(8,'¡Hola!Si viene con garantía. ¡Gracias por su consulta! Saludos.', '2023-05-02'),
	(9,'Hola, ¿ tiene carga inalámbrica el Samsung Galaxy S23 Fe?', '2023-05-12'),
	(10,'Hola, esperamos se encuentre bien. Le informamos que el Samsung Galaxy S23 Fe 128gb 8gb Ram Violeta posee: 3.900 mAh-Carga rápida de 25 W-Carga inalámbrica de 10 W. Quedamos a disposición. ¡Gracias por su consulta! Saludos.', '2023-05-13'),
	(11,'¿El Samsung Galaxy S23 Fe tiene ranura para tarjeta de memoria externa?', '2023-07-18'),
	(12,'Hola, esperamos se encuentre bien. Le informamos que el Samsung Galaxy S23 Fe 128gb 8gb Ram Violeta si tiene ranura para tarjeta de memoria externa. Quedamos a disposición. ¡Gracias por su consulta! Saludos.', '2023-05-13'),
	(13,'¿Cuál es el diámetro de la mesa auxiliar?', '2021-11-03'),
	(14,'Hola! El diámetro es de 41cm x 53cm de altura. Saludos', '2021-11-03'),
	(15,'¿La mesa auxiliar requiere montaje?', '2021-11-12'),
	(16,'Hola! La mesa no requiere montaje', '2021-11-12'),
	(17,'¿Tiene la notebook Ryzen 7 Asus Vivobook teclado retroiluminado?', '2022-12-24'),
	(18,'Hola, muchas gracias por su consulta. Sí, cuenta con teclado retroiluminado. Cualquier otra duda quedamos a su disposición.', '2022-12-25'),
	(19,'Hola, ¿Sirve para  diseño 3D? La notebook Ryzen 7 Asus Vivobook', '2023-08-11'),
	(20,'Hola, muchas gracias por su consulta. Sí te sirve. Cualquier otra duda quedamos a su disposición.', '2023-08-11'),
	(21,'¿La notebook Ryzen 7 Asus Vivobook tiene teclado numérico?', '2023-05-25'),
	(22,'Hola, muchas gracias por su consulta. Sí tiene. Cualquier otra duda quedamos a su disposición.', '2023-05-26'),
	(23,'¿Es tactil el reloj unisex Gadnic?', '2022-10-05'),
	(24,'Hola ¿Cómo estás? Es con pantalla táctil. Estamos online las 24 horas para brindarte la mejor atención y responder todas tus consultas Saludos.', '2022-10-05'),
	(25,'¿Es fuerte la malla?', '2022-10-05'),
	(26,'Hola ¿Cómo estás? Si claro, la malla es super resistente.Estamos online las 24 horas para brindarte la mejor atención y responder todas tus consultas Saludos.', '2022-10-06'),
	(27,'¿Viene con soporte de montaje en pared el Smart TV LG Smart TV 43ur8750?', '2023-04-06'),
	(28,'Hola! no está incluido. Saludos.', '2023-04-06'),
	(29,'¿El televisor LG Smart TV 43ur8750 trae control remoto?', '2022-11-27'),
	(30,'Hola! SI Saludos.', '2022-11-27'),
	(31,'¿Se venden las sillas de comedor por separado?', '2019-01-07'),
	(32,'Hola, no se vende por separado. Saludos', '2019-01-07'),
	(33,'¿La silla de comedor es ajustable en altura?', '2019-02-08'),
	(34,'Hola, no es ajustable. Saludos', '2019-02-09'),
	(35,'¿Viene ensamblada la mesa de centro o requiere montaje?', '2023-04-08'),
	(36,'Hola, viene ensamblada. Saludos', '2023-04-09'),
	(37,'Hola, ¿Es stereo? ¿Y cuanto dura la batería aprox del parlante Philco Djp10p?', '2021-11-09'),
	(38,'Hola. Te confirmamos que si es estéreo y la duración de la batería depende del uso que se le dé al producto. Aguardamos tu compra. Saludos', '2021-11-09'),
	(39,'¿Viene con estuche de carga los auriculares inalámbricos AirPods Pro 2da Generación?', '2022-06-10'),
	(40,'Hola y gracias por comunicarnos!Si trae estuche de carga. Quedamos a disposición, saludo ', '2022-06-11'),
	(41,'¿Los auriculares inalámbricos AirPods Pro 2da Generación son compatibles con Android?', '2023-03-15'),
	(42,'Hola, ¿cómo estás? Muchas gracias por contactarnos. No es compatible, desde ya muchas gracias y saludos.', '2023-03-16'),
	(43,'¿Los auriculares inalámbricos tienen cancelación activa de ruido?', '2023-03-20'),
	(44,'Hola, ¿cómo estás? Muchas gracias por contactarnos. Si tienen cancelación de ruido, desde ya muchas gracias y saludos.', '2023-03-21');


INSERT INTO pregunta_respuesta VALUES
	(1, 2),
	(3, 4),
	(5, 6),
	(7, 8),
	(9, 10),
	(11, 12),
	(13, 14),
	(15, 16),
	(17, 18),
	(19, 20),
	(21, 22),
	(23, 24),
	(25, 26),
	(27, 28),
	(29, 30),
	(31, 32),
	(33, 34),
	(35, 36),
	(37, 38),
	(39, 40),
	(41, 42),
	(43, 44);


INSERT INTO producto_categoria VALUES
	(301, 5),  -- Lámpara de escritorio - Hogar
	(302, 1),  -- Samsung Galaxy S23 Fe - Electrónica
	(303, 5),  -- Mesa auxiliar - Hogar
	(304, 1), -- Notebook Ryzen 7 Asus Vivobook - Electrónica
	(305, 20), -- Reloj Unisex Gadnic - Joyas y Relojes
	(306, 1),  -- Smart TV LG Smart TV 43ur8750 - Electrónica
	(307, 11), -- Silla de comedor - Muebles
	(308, 11), -- Mesa de centro - Muebles
	(309, 16), -- Parlante Philco Djp10p - Electrónica de Consumo
	(310, 1); -- Auriculares inalámbricos - Electrónica

INSERT INTO pregunta_producto_usuario (pregunta, producto, usuario) VALUES
	(1,301,17),
	(2,301,18),
	(3,301,17),
	(4,301,18),
	(5,301,14),
	(6,301,18),
	(7,302,12),
	(8,302,5),
	(9,302,12),
	(10,302,5),
	(11,302,1),
	(12,302,5),
	(13,303,2),
	(14,303,7),
	(15,303,2),
	(16,303,7),
	(17,304,1),
	(18,304,10),
	(19,304,17),
	(20,304,10),
	(21,304,17),
	(22,304,10),
	(23,305,14),
	(24,305,4),
	(25,305,14),
	(26,305,4),
	(27,306,1),
	(28,306,8),
	(29,306,1),
	(30,306,8),
	(31,307,4),
	(32,307,13),
	(33,307,4),
	(34,307,13),
	(35,308,18),
	(36,308,15),
	(37,309,5),
	(38,309,15),
	(39,310,7),
	(40,310,11),
	(41,310,10),
	(42,310,11),
	(43,310,4),
	(44,310,11);



-- hay que ver que hacer con los 0
INSERT INTO public.pregunta_producto_usuario (pregunta,producto,usuario) VALUES
	 (0,1,276),
	 (0,2,86),
	 (0,3,14),
	 (0,4,298),
	 (0,5,33),
	 (0,6,73);
INSERT INTO public.pregunta_producto_usuario (pregunta,producto,usuario) VALUES
	 (0,7,187),
	 (0,8,151),
	 (0,9,88),
	 (0,10,73),
	 (0,11,5),
	 (0,12,45),
	 (0,13,156),
	 (0,14,265),
	 (0,15,85),
	 (0,16,289);
INSERT INTO public.pregunta_producto_usuario (pregunta,producto,usuario) VALUES
	 (0,17,291),
	 (0,18,62),
	 (0,19,60),
	 (0,20,99),
	 (0,21,255),
	 (0,22,122),
	 (0,23,60),
	 (0,24,27),
	 (0,25,296),
	 (0,26,72);
INSERT INTO public.pregunta_producto_usuario (pregunta,producto,usuario) VALUES
	 (0,27,207),
	 (0,28,197),
	 (0,29,157),
	 (0,30,163),
	 (0,31,110),
	 (0,32,157),
	 (0,33,143),
	 (0,34,204),
	 (0,35,184),
	 (0,36,98);
INSERT INTO public.pregunta_producto_usuario (pregunta,producto,usuario) VALUES
	 (0,37,279),
	 (0,38,207),
	 (0,39,297),
	 (0,40,86),
	 (0,41,85),
	 (0,42,172),
	 (0,43,212),
	 (0,44,10),
	 (0,45,165),
	 (0,46,254);
INSERT INTO public.pregunta_producto_usuario (pregunta,producto,usuario) VALUES
	 (0,47,268),
	 (0,48,62),
	 (0,49,183),
	 (0,50,89),
	 (0,51,184),
	 (0,52,21),
	 (0,53,282),
	 (0,54,224),
	 (0,55,52),
	 (0,56,143);
INSERT INTO public.pregunta_producto_usuario (pregunta,producto,usuario) VALUES
	 (0,57,71),
	 (0,58,79),
	 (0,59,282),
	 (0,60,282),
	 (0,61,15),
	 (0,62,112),
	 (0,63,106),
	 (0,64,277),
	 (0,65,295),
	 (0,66,191);
INSERT INTO public.pregunta_producto_usuario (pregunta,producto,usuario) VALUES
	 (0,67,248),
	 (0,68,166),
	 (0,69,45),
	 (0,70,36),
	 (0,71,124),
	 (0,72,163),
	 (0,73,97),
	 (0,74,42),
	 (0,75,202),
	 (0,76,11);
INSERT INTO public.pregunta_producto_usuario (pregunta,producto,usuario) VALUES
	 (0,77,18),
	 (0,78,201),
	 (0,79,17),
	 (0,80,68),
	 (0,81,257),
	 (0,82,270),
	 (0,83,258),
	 (0,84,114),
	 (0,85,185),
	 (0,86,281);
INSERT INTO public.pregunta_producto_usuario (pregunta,producto,usuario) VALUES
	 (0,87,145),
	 (0,88,141),
	 (0,89,273),
	 (0,90,28),
	 (0,91,234),
	 (0,92,137),
	 (0,93,193),
	 (0,94,63),
	 (0,95,62),
	 (0,96,198);
INSERT INTO public.pregunta_producto_usuario (pregunta,producto,usuario) VALUES
	 (0,97,188),
	 (0,98,276),
	 (0,99,230),
	 (0,100,242),
	 (0,101,275),
	 (0,102,300),
	 (0,103,21),
	 (0,104,287),
	 (0,105,138),
	 (0,106,60);
INSERT INTO public.pregunta_producto_usuario (pregunta,producto,usuario) VALUES
	 (0,107,150),
	 (0,108,227),
	 (0,109,153),
	 (0,110,110),
	 (0,111,1),
	 (0,112,54),
	 (0,113,138),
	 (0,114,29),
	 (0,115,114),
	 (0,116,244);
INSERT INTO public.pregunta_producto_usuario (pregunta,producto,usuario) VALUES
	 (0,117,167),
	 (0,118,94),
	 (0,119,21),
	 (0,120,272),
	 (0,121,259),
	 (0,122,5),
	 (0,123,85),
	 (0,124,250),
	 (0,125,12),
	 (0,126,212);
INSERT INTO public.pregunta_producto_usuario (pregunta,producto,usuario) VALUES
	 (0,127,45),
	 (0,128,165),
	 (0,129,97),
	 (0,130,128),
	 (0,131,259),
	 (0,132,45),
	 (0,133,265),
	 (0,134,121),
	 (0,135,253),
	 (0,136,251);
INSERT INTO public.pregunta_producto_usuario (pregunta,producto,usuario) VALUES
	 (0,137,85),
	 (0,138,98),
	 (0,139,233),
	 (0,140,125),
	 (0,141,179),
	 (0,142,127),
	 (0,143,176),
	 (0,144,280),
	 (0,145,166),
	 (0,146,195);
INSERT INTO public.pregunta_producto_usuario (pregunta,producto,usuario) VALUES
	 (0,147,186),
	 (0,148,200),
	 (0,149,25),
	 (0,150,248),
	 (0,151,233),
	 (0,152,147),
	 (0,153,231),
	 (0,154,112),
	 (0,155,259),
	 (0,156,295);
INSERT INTO public.pregunta_producto_usuario (pregunta,producto,usuario) VALUES
	 (0,157,181),
	 (0,158,62),
	 (0,159,24),
	 (0,160,18),
	 (0,161,145),
	 (0,162,130),
	 (0,163,274),
	 (0,164,31),
	 (0,165,88),
	 (0,166,180);
INSERT INTO public.pregunta_producto_usuario (pregunta,producto,usuario) VALUES
	 (0,167,161),
	 (0,168,14),
	 (0,169,83),
	 (0,170,119),
	 (0,171,158),
	 (0,172,74),
	 (0,173,51),
	 (0,174,1),
	 (0,175,91),
	 (0,176,60);
INSERT INTO public.pregunta_producto_usuario (pregunta,producto,usuario) VALUES
	 (0,177,164),
	 (0,178,61),
	 (0,179,134),
	 (0,180,1),
	 (0,181,5),
	 (0,182,139),
	 (0,183,144),
	 (0,184,34),
	 (0,185,281),
	 (0,186,262);
INSERT INTO public.pregunta_producto_usuario (pregunta,producto,usuario) VALUES
	 (0,187,7),
	 (0,188,165),
	 (0,189,127),
	 (0,190,231),
	 (0,191,51),
	 (0,192,172),
	 (0,193,76),
	 (0,194,13),
	 (0,195,156),
	 (0,196,288);
INSERT INTO public.pregunta_producto_usuario (pregunta,producto,usuario) VALUES
	 (0,197,110),
	 (0,198,150),
	 (0,199,220),
	 (0,200,47),
	 (0,201,165),
	 (0,202,89),
	 (0,203,271),
	 (0,204,187),
	 (0,205,35),
	 (0,206,117);
INSERT INTO public.pregunta_producto_usuario (pregunta,producto,usuario) VALUES
	 (0,207,178),
	 (0,208,209),
	 (0,209,267),
	 (0,210,43),
	 (0,211,137),
	 (0,212,179),
	 (0,213,118),
	 (0,214,214),
	 (0,215,188),
	 (0,216,194);
INSERT INTO public.pregunta_producto_usuario (pregunta,producto,usuario) VALUES
	 (0,217,62),
	 (0,218,102),
	 (0,219,276),
	 (0,220,31),
	 (0,221,113),
	 (0,222,1),
	 (0,223,119),
	 (0,224,165),
	 (0,225,268),
	 (0,226,68);
INSERT INTO public.pregunta_producto_usuario (pregunta,producto,usuario) VALUES
	 (0,227,16),
	 (0,228,199),
	 (0,229,230),
	 (0,230,294),
	 (0,231,207),
	 (0,232,141),
	 (0,233,131),
	 (0,234,130),
	 (0,235,26),
	 (0,236,84);
INSERT INTO public.pregunta_producto_usuario (pregunta,producto,usuario) VALUES
	 (0,237,237),
	 (0,238,155),
	 (0,239,169),
	 (0,240,277),
	 (0,241,284),
	 (0,242,114),
	 (0,243,207),
	 (0,244,211),
	 (0,245,217),
	 (0,246,83);
INSERT INTO public.pregunta_producto_usuario (pregunta,producto,usuario) VALUES
	 (0,247,221),
	 (0,248,42),
	 (0,249,291),
	 (0,250,281),
	 (0,251,237),
	 (0,252,289),
	 (0,253,75),
	 (0,254,71),
	 (0,255,127),
	 (0,256,187);
INSERT INTO public.pregunta_producto_usuario (pregunta,producto,usuario) VALUES
	 (0,257,287),
	 (0,258,124),
	 (0,259,97),
	 (0,260,265),
	 (0,261,96),
	 (0,262,33),
	 (0,263,7),
	 (0,264,270),
	 (0,265,67),
	 (0,266,149);
INSERT INTO public.pregunta_producto_usuario (pregunta,producto,usuario) VALUES
	 (0,267,44),
	 (0,268,124),
	 (0,269,144),
	 (0,270,154),
	 (0,271,70),
	 (0,272,94),
	 (0,273,53),
	 (0,274,198),
	 (0,275,79),
	 (0,276,207);
INSERT INTO public.pregunta_producto_usuario (pregunta,producto,usuario) VALUES
	 (0,277,90),
	 (0,278,122),
	 (0,279,57),
	 (0,280,80),
	 (0,281,16),
	 (0,282,222),
	 (0,283,79),
	 (0,284,207),
	 (0,285,284),
	 (0,286,253);
INSERT INTO public.pregunta_producto_usuario (pregunta,producto,usuario) VALUES
	 (0,287,111),
	 (0,288,29),
	 (0,289,190),
	 (0,290,296),
	 (0,291,128),
	 (0,292,249),
	 (0,293,82),
	 (0,294,3),
	 (0,295,234),
	 (0,296,227);
INSERT INTO public.pregunta_producto_usuario (pregunta,producto,usuario) VALUES
	 (0,297,159),
	 (0,298,289),
	 (0,299,150),
	 (0,300,1),
	 (0,301,18),
	 (0,302,5),
	 (0,303,7),
	 (0,304,10),
	 (0,305,4),
	 (0,306,8);
INSERT INTO public.pregunta_producto_usuario (pregunta,producto,usuario) VALUES
	 (0,307,13),
	 (0,308,15),
	 (0,309,11),
	 (0,310,16);

